{"frame":{"fname":"2_drive_0009_sync/0000000328","bounding_boxes":[{"box_id":0,"center":{"x":-7.199421050774026,"y":4.594781054626594},"width":3.7458442064391324,"length":1.5045557052442495,"angle":0.0872664625997164,"object_id":"car","timestamps":[]},{"box_id":1,"center":{"x":-1.7210084935926784,"y":4.72772773063579},"width":3.6930854880237804,"length":1.6678917595631035,"angle":0.01745329251994327,"object_id":"car","timestamps":[]},{"box_id":2,"center":{"x":-1.702373619823507,"y":4.749727426257819},"width":3.6550535215895237,"length":1.6841459152258937,"angle":0.017453292519943354,"object_id":"car","timestamps":[]},{"box_id":3,"center":{"x":3.1763936983669256,"y":4.924734556930152},"width":4.281483619474171,"length":1.767897837131621,"angle":0.06981317007977317,"object_id":"car","timestamps":[]}],"evaluator":{"add_box_count":0,"resize_count":0,"translate_count":0,"rotate_count":0,"delete_count":0,"label_count":0,"rotate_camera_count":9,"time_elapsed":86.733,"_3D_time_elapsed":61.014,"camera_angle":-1.9946587730565213}}}