{"frame":{"fname":"0_drive_0064_sync/0000000501","bounding_boxes":[{"box_id":0,"center":{"x":-3.912327092262644,"y":3.2600851822321033},"width":2.385503567583778,"length":1.8382570270758132,"angle":0.16774873513992236,"object_id":"car","timestamps":[1560434852505,1560434888137,1560434888192,1560434888251,1560434888304,1560434888350,1560434888403,1560434888454,1560434888512,1560434888570,1560434888617,1560434888686,1560434888832,1560434888888,1560434888953,1560434889008,1560434889053,1560434889146,1560434889971,1560434890021,1560434890068,1560434890121,1560434890167,1560434890220,1560434890267,1560434890637,1560434890694,1560434890753,1560434890801,1560434890854,1560434890913,1560434890971,1560434891018,1560434891069,1560434891288,1560434891341,1560434891383,1560434891446,1560434893371,1560434893414,1560434893452,1560434893571,1560434893636,1560434893681,1560434893735,1560434893780,1560434893933,1560434896099,1560434896170,1560434896218,1560434896269,1560434896327,1560434896385,1560434896430,1560434896486,1560434896532,1560434896585,1560434896638,1560434896682,1560434896755,1560434896812,1560434896853,1560434896919,1560434896970,1560434897017,1560434897070,1560434897114,1560434897169,1560434897220,1560434897262,1560434897318,1560434897568,1560434897619,1560434897662,1560434897720,1560434897772,1560434897836,1560434897889,1560434897930,1560434897985,1560434898053,1560434898106,1560434898145,1560434898200,1560434898253,1560434898306,1560434898520]},{"box_id":1,"center":{"x":-3.705827078581616,"y":6.6237568962421705},"width":1.7236374874433522,"length":1.8524138618822232,"angle":-0.03476681140931568,"object_id":"car","timestamps":[1560434900257,1560434905003]},{"box_id":2,"center":{"x":-4.822521478776063,"y":9.188856963895955},"width":1.3936736593977679,"length":0.3294142959300849,"angle":-0.08644493355180566,"object_id":"car","timestamps":[1560434916724]}],"evaluator":{"add_box_count":3,"resize_count":1,"translate_count":1,"rotate_count":4,"delete_count":0,"label_count":0,"rotate_camera_count":25,"time_elapsed":237.725,"_3D_time_elapsed":48.254,"camera_angle":-0.09793856520084972}}}